  1 Jan 2019	  40.0000    	  42.5000    	  45.0000    	  47.5000    	  50.0000    	  52.5000    	  55.0000    	  57.5000    	  60.0000    
  70.0000    	  102193.    	  102377.    	  102846.    	  103388.    	  103661.    	  103515.    	  103072.    	  102579.    	  102168.    
  72.5000    	  102367.    	  102517.    	  102950.    	  103481.    	  103776.    	  103638.    	  103183.    	  102647.    	  102200.    
  75.0000    	  102653.    	  102752.    	  103094.    	  103550.    	  103816.    	  103704.    	  103273.    	  102727.    	  102257.    
  77.5000    	  102904.    	  102981.    	  103242.    	  103594.    	  103808.    	  103720.    	  103337.    	  102819.    	  102346.    
  80.0000    	  102992.    	  103123.    	  103363.    	  103636.    	  103792.    	  103725.    	  103397.    	  102920.    	  102458.    
  82.5000    	  102942.    	  103182.    	  103473.    	  103719.    	  103838.    	  103764.    	  103475.    	  103032.    	  102581.    
  85.0000    	  102857.    	  103187.    	  103575.    	  103861.    	  103965.    	  103874.    	  103581.    	  103156.    	  102718.    
  87.5000    	  102864.    	  103196.    	  103659.    	  104018.    	  104154.    	  104039.    	  103725.    	  103290.    	  102857.    
  90.0000    	  102979.    	  103209.    	  103705.    	  104149.    	  104337.    	  104214.    	  103864.    	  103412.    	  102996.    
  92.5000    	  103109.    	  103211.    	  103695.    	  104213.    	  104466.    	  104354.    	  103984.    	  103533.    	  103128.    
  95.0000    	  103144.    	  103186.    	  103667.    	  104233.    	  104525.    	  104425.    	  104062.    	  103637.    	  103254.    
  97.5000    	  103093.    	  103196.    	  103692.    	  104250.    	  104538.    	  104443.    	  104112.    	  103736.    	  103389.    
 100.0000    	  103081.    	  103324.    	  103830.    	  104328.    	  104549.    	  104438.    	  104144.    	  103844.    	  103532.    
  102.500    	  103241.    	  103592.    	  104070.    	  104460.    	  104586.    	  104440.    	  104194.    	  103963.    	  103666.    
  105.000    	  103560.    	  103942.    	  104340.    	  104612.    	  104638.    	  104462.    	  104261.    	  104078.    	  103780.    
  107.500    	  103906.    	  104236.    	  104535.    	  104714.    	  104676.    	  104491.    	  104326.    	  104179.    	  103864.    
  110.000    	  104130.    	  104367.    	  104602.    	  104735.    	  104670.    	  104490.    	  104360.    	  104234.    	  103888.    
  112.500    	  104164.    	  104339.    	  104539.    	  104652.    	  104576.    	  104414.    	  104329.    	  104225.    	  103851.    
  115.000    	  104089.    	  104222.    	  104404.    	  104474.    	  104372.    	  104236.    	  104205.    	  104134.    	  103746.    
  117.500    	  103981.    	  104097.    	  104221.    	  104212.    	  104052.    	  103946.    	  103992.    	  103974.    	  103605.    
  120.000    	  103862.    	  103954.    	  103997.    	  103862.    	  103644.    	  103585.    	  103730.    	  103777.    	  103441.    
  2 Jan 2019	  40.0000    	  42.5000    	  45.0000    	  47.5000    	  50.0000    	  52.5000    	  55.0000    	  57.5000    	  60.0000    
  70.0000    	  102931.    	  102903.    	  102964.    	  103228.    	  103521.    	  103552.    	  103280.    	  102908.    	  102499.    
  72.5000    	  102991.    	  102929.    	  102958.    	  103213.    	  103538.    	  103607.    	  103361.    	  103003.    	  102607.    
  75.0000    	  102965.    	  102913.    	  102936.    	  103185.    	  103528.    	  103636.    	  103423.    	  103095.    	  102737.    
  77.5000    	  102875.    	  102894.    	  102951.    	  103204.    	  103541.    	  103657.    	  103468.    	  103171.    	  102867.    
  80.0000    	  102789.    	  102933.    	  103063.    	  103319.    	  103624.    	  103711.    	  103506.    	  103226.    	  102973.    
  82.5000    	  102778.    	  103078.    	  103290.    	  103547.    	  103813.    	  103831.    	  103565.    	  103271.    	  103063.    
  85.0000    	  102858.    	  103271.    	  103568.    	  103850.    	  104082.    	  104020.    	  103658.    	  103305.    	  103126.    
  87.5000    	  102960.    	  103426.    	  103793.    	  104146.    	  104389.    	  104258.    	  103774.    	  103342.    	  103176.    
  90.0000    	  103012.    	  103452.    	  103882.    	  104339.    	  104646.    	  104482.    	  103904.    	  103392.    	  103210.    
  92.5000    	  102992.    	  103374.    	  103856.    	  104419.    	  104807.    	  104647.    	  104014.    	  103445.    	  103249.    
  95.0000    	  102948.    	  103276.    	  103795.    	  104427.    	  104861.    	  104718.    	  104084.    	  103512.    	  103300.    
  97.5000    	  102927.    	  103256.    	  103795.    	  104416.    	  104822.    	  104686.    	  104109.    	  103574.    	  103363.    
 100.0000    	  102972.    	  103336.    	  103856.    	  104402.    	  104714.    	  104575.    	  104094.    	  103647.    	  103438.    
  102.500    	  103053.    	  103448.    	  103926.    	  104350.    	  104547.    	  104411.    	  104053.    	  103724.    	  103519.    
  105.000    	  103131.    	  103496.    	  103922.    	  104250.    	  104363.    	  104242.    	  104018.    	  103802.    	  103581.    
  107.500    	  103171.    	  103467.    	  103839.    	  104109.    	  104180.    	  104098.    	  103991.    	  103862.    	  103613.    
  110.000    	  103215.    	  103406.    	  103723.    	  103976.    	  104036.    	  104000.    	  103976.    	  103901.    	  103611.    
  112.500    	  103293.    	  103396.    	  103664.    	  103892.    	  103939.    	  103920.    	  103951.    	  103900.    	  103566.    
  115.000    	  103420.    	  103468.    	  103676.    	  103837.    	  103843.    	  103827.    	  103899.    	  103854.    	  103482.    
  117.500    	  103557.    	  103586.    	  103711.    	  103770.    	  103710.    	  103692.    	  103785.    	  103760.    	  103376.    
  120.000    	  103632.    	  103655.    	  103708.    	  103647.    	  103505.    	  103482.    	  103620.    	  103626.    	  103255.    
  3 Jan 2019	  40.0000    	  42.5000    	  45.0000    	  47.5000    	  50.0000    	  52.5000    	  55.0000    	  57.5000    	  60.0000    
  70.0000    	  102772.    	  102606.    	  102708.    	  103142.    	  103602.    	  103757.    	  103559.    	  103123.    	  102533.    
  72.5000    	  103195.    	  102885.    	  102856.    	  103188.    	  103596.    	  103760.    	  103603.    	  103200.    	  102610.    
  75.0000    	  103459.    	  103090.    	  102989.    	  103245.    	  103581.    	  103735.    	  103634.    	  103291.    	  102732.    
  77.5000    	  103459.    	  103155.    	  103096.    	  103313.    	  103581.    	  103719.    	  103663.    	  103394.    	  102875.    
  80.0000    	  103301.    	  103158.    	  103219.    	  103440.    	  103651.    	  103753.    	  103716.    	  103502.    	  103029.    
  82.5000    	  103182.    	  103229.    	  103415.    	  103652.    	  103815.    	  103866.    	  103810.    	  103609.    	  103176.    
  85.0000    	  103233.    	  103424.    	  103686.    	  103924.    	  104058.    	  104049.    	  103938.    	  103710.    	  103302.    
  87.5000    	  103399.    	  103671.    	  103937.    	  104178.    	  104310.    	  104274.    	  104079.    	  103794.    	  103397.    
  90.0000    	  103533.    	  103832.    	  104086.    	  104344.    	  104521.    	  104477.    	  104215.    	  103850.    	  103454.    
  92.5000    	  103526.    	  103846.    	  104097.    	  104399.    	  104652.    	  104635.    	  104318.    	  103892.    	  103488.    
  95.0000    	  103415.    	  103780.    	  104068.    	  104407.    	  104713.    	  104717.    	  104369.    	  103908.    	  103509.    
  97.5000    	  103363.    	  103788.    	  104102.    	  104442.    	  104738.    	  104738.    	  104386.    	  103930.    	  103528.    
 100.0000    	  103488.    	  103954.    	  104263.    	  104528.    	  104738.    	  104695.    	  104373.    	  103952.    	  103560.    
  102.500    	  103743.    	  104214.    	  104479.    	  104625.    	  104691.    	  104591.    	  104329.    	  103976.    	  103593.    
  105.000    	  103957.    	  104397.    	  104612.    	  104630.    	  104555.    	  104429.    	  104253.    	  104005.    	  103628.    
  107.500    	  103978.    	  104367.    	  104543.    	  104481.    	  104316.    	  104199.    	  104147.    	  104006.    	  103641.    
  110.000    	  103790.    	  104129.    	  104286.    	  104189.    	  103999.    	  103930.    	  104002.    	  103981.    	  103632.    
  112.500    	  103541.    	  103807.    	  103944.    	  103842.    	  103649.    	  103643.    	  103828.    	  103911.    	  103587.    
  115.000    	  103366.    	  103534.    	  103626.    	  103505.    	  103330.    	  103368.    	  103638.    	  103800.    	  103517.    
  117.500    	  103310.    	  103371.    	  103392.    	  103250.    	  103067.    	  103129.    	  103447.    	  103660.    	  103424.    
  120.000    	  103326.    	  103301.    	  103252.    	  103068.    	  102879.    	  102938.    	  103270.    	  103516.    	  103329.    
  4 Jan 2019	  40.0000    	  42.5000    	  45.0000    	  47.5000    	  50.0000    	  52.5000    	  55.0000    	  57.5000    	  60.0000    
  70.0000    	  101692.    	  101872.    	  102269.    	  102879.    	  103488.    	  103692.    	  103300.    	  102617.    	  102051.    
  72.5000    	  102050.    	  102119.    	  102315.    	  102769.    	  103357.    	  103648.    	  103343.    	  102676.    	  102071.    
  75.0000    	  102398.    	  102402.    	  102401.    	  102637.    	  103143.    	  103516.    	  103340.    	  102753.    	  102146.    
  77.5000    	  102593.    	  102601.    	  102480.    	  102537.    	  102924.    	  103332.    	  103302.    	  102839.    	  102261.    
  80.0000    	  102594.    	  102669.    	  102559.    	  102517.    	  102794.    	  103189.    	  103268.    	  102931.    	  102410.    
  82.5000    	  102483.    	  102649.    	  102660.    	  102642.    	  102837.    	  103170.    	  103280.    	  103031.    	  102585.    
  85.0000    	  102417.    	  102641.    	  102812.    	  102893.    	  103059.    	  103285.    	  103352.    	  103145.    	  102765.    
  87.5000    	  102512.    	  102706.    	  103003.    	  103233.    	  103405.    	  103522.    	  103489.    	  103272.    	  102935.    
  90.0000    	  102759.    	  102846.    	  103202.    	  103566.    	  103782.    	  103802.    	  103654.    	  103392.    	  103082.    
  92.5000    	  103033.    	  103009.    	  103356.    	  103821.    	  104095.    	  104072.    	  103822.    	  103512.    	  103197.    
  95.0000    	  103221.    	  103148.    	  103482.    	  103982.    	  104304.    	  104270.    	  103976.    	  103622.    	  103293.    
  97.5000    	  103284.    	  103280.    	  103600.    	  104091.    	  104419.    	  104402.    	  104105.    	  103732.    	  103362.    
 100.0000    	  103310.    	  103453.    	  103777.    	  104191.    	  104469.    	  104471.    	  104218.    	  103839.    	  103416.    
  102.500    	  103410.    	  103700.    	  104016.    	  104300.    	  104488.    	  104500.    	  104313.    	  103944.    	  103451.    
  105.000    	  103597.    	  103993.    	  104272.    	  104401.    	  104462.    	  104484.    	  104387.    	  104034.    	  103463.    
  107.500    	  103792.    	  104226.    	  104452.    	  104440.    	  104378.    	  104415.    	  104406.    	  104086.    	  103446.    
  110.000    	  103873.    	  104306.    	  104483.    	  104360.    	  104220.    	  104274.    	  104353.    	  104079.    	  103390.    
  112.500    	  103805.    	  104214.    	  104349.    	  104157.    	  103967.    	  104053.    	  104219.    	  104001.    	  103302.    
  115.000    	  103642.    	  103992.    	  104089.    	  103860.    	  103642.    	  103754.    	  103987.    	  103843.    	  103177.    
  117.500    	  103452.    	  103720.    	  103760.    	  103502.    	  103278.    	  103405.    	  103698.    	  103634.    	  103040.    
  120.000    	  103279.    	  103434.    	  103411.    	  103135.    	  102906.    	  103047.    	  103385.    	  103404.    	  102902.    
  5 Jan 2019	  40.0000    	  42.5000    	  45.0000    	  47.5000    	  50.0000    	  52.5000    	  55.0000    	  57.5000    	  60.0000    
  70.0000    	  102776.    	  102861.    	  103106.    	  103544.    	  103937.    	  103873.    	  103285.    	  102637.    	  102391.    
  72.5000    	  102711.    	  102927.    	  103257.    	  103702.    	  104059.    	  103958.    	  103347.    	  102680.    	  102409.    
  75.0000    	  102630.    	  103001.    	  103388.    	  103791.    	  104079.    	  103960.    	  103364.    	  102708.    	  102407.    
  77.5000    	  102580.    	  103073.    	  103479.    	  103801.    	  104013.    	  103892.    	  103351.    	  102720.    	  102394.    
  80.0000    	  102570.    	  103140.    	  103524.    	  103749.    	  103908.    	  103810.    	  103319.    	  102719.    	  102370.    
  82.5000    	  102582.    	  103188.    	  103537.    	  103705.    	  103839.    	  103767.    	  103318.    	  102726.    	  102336.    
  85.0000    	  102588.    	  103186.    	  103526.    	  103695.    	  103845.    	  103800.    	  103354.    	  102744.    	  102318.    
  87.5000    	  102574.    	  103133.    	  103483.    	  103714.    	  103927.    	  103898.    	  103429.    	  102785.    	  102321.    
  90.0000    	  102545.    	  103029.    	  103412.    	  103742.    	  104030.    	  104000.    	  103507.    	  102847.    	  102357.    
  92.5000    	  102505.    	  102916.    	  103340.    	  103764.    	  104096.    	  104057.    	  103564.    	  102911.    	  102431.    
  95.0000    	  102473.    	  102841.    	  103308.    	  103773.    	  104098.    	  104041.    	  103573.    	  102985.    	  102530.    
  97.5000    	  102434.    	  102822.    	  103324.    	  103785.    	  104054.    	  103959.    	  103544.    	  103052.    	  102642.    
 100.0000    	  102409.    	  102858.    	  103389.    	  103815.    	  103986.    	  103858.    	  103508.    	  103122.    	  102750.    
  102.500    	  102433.    	  102932.    	  103480.    	  103857.    	  103953.    	  103795.    	  103505.    	  103193.    	  102842.    
  105.000    	  102536.    	  103027.    	  103568.    	  103917.    	  103967.    	  103799.    	  103550.    	  103276.    	  102894.    
  107.500    	  102718.    	  103139.    	  103637.    	  103975.    	  104028.    	  103860.    	  103634.    	  103341.    	  102916.    
  110.000    	  102942.    	  103259.    	  103703.    	  104025.    	  104083.    	  103938.    	  103713.    	  103387.    	  102899.    
  112.500    	  103152.    	  103382.    	  103746.    	  104038.    	  104103.    	  103971.    	  103739.    	  103388.    	  102857.    
  115.000    	  103302.    	  103475.    	  103771.    	  104001.    	  104027.    	  103893.    	  103695.    	  103355.    	  102804.    
  117.500    	  103350.    	  103514.    	  103747.    	  103885.    	  103834.    	  103707.    	  103569.    	  103280.    	  102763.    
  120.000    	  103303.    	  103478.    	  103655.    	  103680.    	  103553.    	  103441.    	  103378.    	  103192.    	  102749.    
  6 Jan 2019	  40.0000    	  42.5000    	  45.0000    	  47.5000    	  50.0000    	  52.5000    	  55.0000    	  57.5000    	  60.0000    
  70.0000    	  102703.    	  102718.    	  102820.    	  103037.    	  103229.    	  103112.    	  102593.    	  101962.    	  101566.    
  72.5000    	  103074.    	  103126.    	  103158.    	  103290.    	  103446.    	  103335.    	  102821.    	  102171.    	  101740.    
  75.0000    	  103377.    	  103513.    	  103504.    	  103547.    	  103654.    	  103534.    	  103030.    	  102381.    	  101939.    
  77.5000    	  103548.    	  103797.    	  103808.    	  103810.    	  103857.    	  103715.    	  103216.    	  102592.    	  102165.    
  80.0000    	  103577.    	  103950.    	  104049.    	  104056.    	  104080.    	  103913.    	  103400.    	  102797.    	  102397.    
  82.5000    	  103537.    	  104024.    	  104238.    	  104313.    	  104340.    	  104136.    	  103598.    	  103002.    	  102616.    
  85.0000    	  103518.    	  104082.    	  104406.    	  104571.    	  104623.    	  104385.    	  103793.    	  103181.    	  102808.    
  87.5000    	  103536.    	  104137.    	  104540.    	  104797.    	  104889.    	  104615.    	  103972.    	  103339.    	  102963.    
  90.0000    	  103558.    	  104156.    	  104606.    	  104929.    	  105059.    	  104773.    	  104110.    	  103450.    	  103061.    
  92.5000    	  103519.    	  104103.    	  104566.    	  104930.    	  105087.    	  104817.    	  104169.    	  103523.    	  103112.    
  95.0000    	  103431.    	  103994.    	  104449.    	  104815.    	  104980.    	  104742.    	  104160.    	  103562.    	  103121.    
  97.5000    	  103359.    	  103912.    	  104337.    	  104659.    	  104789.    	  104583.    	  104100.    	  103576.    	  103115.    
 100.0000    	  103391.    	  103923.    	  104298.    	  104532.    	  104591.    	  104402.    	  104027.    	  103578.    	  103083.    
  102.500    	  103509.    	  103993.    	  104314.    	  104465.    	  104434.    	  104244.    	  103956.    	  103577.    	  103036.    
  105.000    	  103612.    	  104043.    	  104334.    	  104425.    	  104321.    	  104118.    	  103896.    	  103561.    	  102960.    
  107.500    	  103583.    	  103960.    	  104265.    	  104351.    	  104215.    	  104018.    	  103830.    	  103507.    	  102852.    
  110.000    	  103411.    	  103750.    	  104080.    	  104197.    	  104073.    	  103883.    	  103726.    	  103401.    	  102700.    
  112.500    	  103204.    	  103492.    	  103820.    	  103965.    	  103871.    	  103710.    	  103567.    	  103241.    	  102522.    
  115.000    	  103077.    	  103298.    	  103576.    	  103705.    	  103633.    	  103496.    	  103371.    	  103045.    	  102335.    
  117.500    	  103063.    	  103189.    	  103383.    	  103475.    	  103390.    	  103276.    	  103161.    	  102838.    	  102169.    
  120.000    	  103083.    	  103146.    	  103260.    	  103282.    	  103184.    	  103074.    	  102966.    	  102661.    	  102054.    
  7 Jan 2019	  40.0000    	  42.5000    	  45.0000    	  47.5000    	  50.0000    	  52.5000    	  55.0000    	  57.5000    	  60.0000    
  70.0000    	  101534.    	  101244.    	  101352.    	  101690.    	  101931.    	  101851.    	  101476.    	  100935.    	  100352.    
  72.5000    	  102104.    	  101753.    	  101700.    	  101876.    	  102026.    	  101921.    	  101529.    	  100952.    	  100340.    
  75.0000    	  102641.    	  102277.    	  102072.    	  102067.    	  102105.    	  101978.    	  101588.    	  101009.    	  100378.    
  77.5000    	  103028.    	  102717.    	  102423.    	  102282.    	  102220.    	  102052.    	  101659.    	  101078.    	  100450.    
  80.0000    	  103203.    	  103020.    	  102764.    	  102564.    	  102421.    	  102187.    	  101747.    	  101160.    	  100545.    
  82.5000    	  103224.    	  103226.    	  103117.    	  102956.    	  102750.    	  102408.    	  101873.    	  101251.    	  100657.    
  85.0000    	  103215.    	  103424.    	  103515.    	  103441.    	  103187.    	  102707.    	  102036.    	  101350.    	  100761.    
  87.5000    	  103290.    	  103661.    	  103935.    	  103965.    	  103667.    	  103036.    	  102218.    	  101455.    	  100877.    
  90.0000    	  103441.    	  103922.    	  104326.    	  104423.    	  104084.    	  103336.    	  102399.    	  101576.    	  100990.    
  92.5000    	  103590.    	  104141.    	  104609.    	  104731.    	  104352.    	  103544.    	  102561.    	  101718.    	  101120.    
  95.0000    	  103667.    	  104270.    	  104752.    	  104846.    	  104446.    	  103654.    	  102725.    	  101902.    	  101284.    
  97.5000    	  103690.    	  104337.    	  104787.    	  104818.    	  104412.    	  103705.    	  102894.    	  102132.    	  101482.    
 100.0000    	  103732.    	  104397.    	  104783.    	  104726.    	  104319.    	  103745.    	  103098.    	  102410.    	  101709.    
  102.500    	  103852.    	  104491.    	  104789.    	  104643.    	  104254.    	  103814.    	  103334.    	  102708.    	  101948.    
  105.000    	  104006.    	  104574.    	  104786.    	  104588.    	  104233.    	  103916.    	  103558.    	  102971.    	  102153.    
  107.500    	  104074.    	  104573.    	  104725.    	  104530.    	  104233.    	  103999.    	  103722.    	  103158.    	  102299.    
  110.000    	  103992.    	  104419.    	  104566.    	  104420.    	  104186.    	  104009.    	  103765.    	  103216.    	  102352.    
  112.500    	  103780.    	  104148.    	  104303.    	  104212.    	  104039.    	  103876.    	  103651.    	  103137.    	  102318.    
  115.000    	  103538.    	  103826.    	  103963.    	  103918.    	  103768.    	  103622.    	  103410.    	  102959.    	  102222.    
  117.500    	  103342.    	  103521.    	  103619.    	  103562.    	  103415.    	  103275.    	  103105.    	  102742.    	  102110.    
  120.000    	  103187.    	  103266.    	  103294.    	  103204.    	  103041.    	  102924.    	  102825.    	  102549.    	  102023.    
  8 Jan 2019	  40.0000    	  42.5000    	  45.0000    	  47.5000    	  50.0000    	  52.5000    	  55.0000    	  57.5000    	  60.0000    
  70.0000    	  101980.    	  101510.    	  101193.    	  101156.    	  101274.    	  101287.    	  101023.    	  100574.    	  100193.    
  72.5000    	  102046.    	  101613.    	  101281.    	  101198.    	  101285.    	  101313.    	  101077.    	  100643.    	  100253.    
  75.0000    	  102107.    	  101789.    	  101479.    	  101316.    	  101324.    	  101324.    	  101126.    	  100722.    	  100323.    
  77.5000    	  102176.    	  102041.    	  101793.    	  101547.    	  101424.    	  101355.    	  101158.    	  100788.    	  100383.    
  80.0000    	  102262.    	  102325.    	  102192.    	  101889.    	  101616.    	  101431.    	  101195.    	  100833.    	  100419.    
  82.5000    	  102352.    	  102587.    	  102607.    	  102330.    	  101937.    	  101597.    	  101261.    	  100868.    	  100438.    
  85.0000    	  102446.    	  102785.    	  102984.    	  102811.    	  102368.    	  101864.    	  101366.    	  100888.    	  100439.    
  87.5000    	  102555.    	  102914.    	  103287.    	  103286.    	  102845.    	  102183.    	  101505.    	  100909.    	  100425.    
  90.0000    	  102692.    	  103017.    	  103512.    	  103675.    	  103272.    	  102483.    	  101618.    	  100911.    	  100390.    
  92.5000    	  102824.    	  103125.    	  103674.    	  103928.    	  103538.    	  102654.    	  101678.    	  100890.    	  100350.    
  95.0000    	  102924.    	  103251.    	  103784.    	  104005.    	  103572.    	  102648.    	  101645.    	  100842.    	  100294.    
  97.5000    	  102984.    	  103401.    	  103856.    	  103915.    	  103387.    	  102480.    	  101542.    	  100783.    	  100246.    
 100.0000    	  103063.    	  103579.    	  103902.    	  103733.    	  103085.    	  102239.    	  101427.    	  100741.    	  100208.    
  102.500    	  103234.    	  103779.    	  103935.    	  103541.    	  102795.    	  102037.    	  101364.    	  100739.    	  100192.    
  105.000    	  103494.    	  103990.    	  103985.    	  103416.    	  102639.    	  101964.    	  101395.    	  100796.    	  100205.    
  107.500    	  103779.    	  104161.    	  104029.    	  103395.    	  102646.    	  102041.    	  101511.    	  100882.    	  100230.    
  110.000    	  103980.    	  104237.    	  104045.    	  103441.    	  102761.    	  102205.    	  101659.    	  100962.    	  100263.    
  112.500    	  104040.    	  104194.    	  104003.    	  103485.    	  102886.    	  102344.    	  101748.    	  100999.    	  100292.    
  115.000    	  103969.    	  104062.    	  103891.    	  103457.    	  102907.    	  102356.    	  101727.    	  100981.    	  100325.    
  117.500    	  103834.    	  103884.    	  103730.    	  103321.    	  102784.    	  102223.    	  101606.    	  100924.    	  100380.    
  120.000    	  103669.    	  103703.    	  103531.    	  103109.    	  102544.    	  101988.    	  101433.    	  100878.    	  100473.    
  9 Jan 2019	  40.0000    	  42.5000    	  45.0000    	  47.5000    	  50.0000    	  52.5000    	  55.0000    	  57.5000    	  60.0000    
  70.0000    	  102527.    	  102344.    	  102268.    	  102234.    	  102069.    	  101689.    	  101208.    	  100793.    	  100566.    
  72.5000    	  102796.    	  102523.    	  102323.    	  102203.    	  102006.    	  101642.    	  101152.    	  100688.    	  100387.    
  75.0000    	  102931.    	  102664.    	  102405.    	  102198.    	  101944.    	  101566.    	  101088.    	  100597.    	  100247.    
  77.5000    	  102930.    	  102762.    	  102526.    	  102250.    	  101908.    	  101486.    	  101013.    	  100515.    	  100139.    
  80.0000    	  102870.    	  102853.    	  102704.    	  102397.    	  101945.    	  101454.    	  100952.    	  100455.    	  100073.    
  82.5000    	  102835.    	  102962.    	  102952.    	  102643.    	  102108.    	  101505.    	  100943.    	  100426.    	  100051.    
  85.0000    	  102841.    	  103102.    	  103220.    	  102969.    	  102373.    	  101667.    	  101009.    	  100453.    	  100075.    
  87.5000    	  102884.    	  103216.    	  103462.    	  103303.    	  102700.    	  101911.    	  101148.    	  100532.    	  100137.    
  90.0000    	  102940.    	  103291.    	  103623.    	  103560.    	  103008.    	  102171.    	  101332.    	  100660.    	  100244.    
  92.5000    	  102994.    	  103326.    	  103684.    	  103697.    	  103209.    	  102385.    	  101520.    	  100816.    	  100380.    
  95.0000    	  103031.    	  103333.    	  103666.    	  103693.    	  103248.    	  102482.    	  101668.    	  100983.    	  100552.    
  97.5000    	  103032.    	  103334.    	  103596.    	  103561.    	  103125.    	  102457.    	  101749.    	  101155.    	  100729.    
 100.0000    	  103002.    	  103318.    	  103500.    	  103354.    	  102895.    	  102326.    	  101785.    	  101305.    	  100907.    
  102.500    	  102955.    	  103289.    	  103389.    	  103128.    	  102639.    	  102166.    	  101792.    	  101437.    	  101064.    
  105.000    	  102949.    	  103258.    	  103286.    	  102935.    	  102428.    	  102036.    	  101794.    	  101536.    	  101178.    
  107.500    	  102994.    	  103220.    	  103185.    	  102799.    	  102300.    	  101962.    	  101794.    	  101584.    	  101231.    
  110.000    	  103073.    	  103176.    	  103075.    	  102696.    	  102231.    	  101924.    	  101770.    	  101565.    	  101216.    
  112.500    	  103120.    	  103092.    	  102941.    	  102587.    	  102170.    	  101882.    	  101708.    	  101482.    	  101139.    
  115.000    	  103105.    	  102967.    	  102761.    	  102429.    	  102061.    	  101789.    	  101585.    	  101336.    	  101030.    
  117.500    	  103050.    	  102822.    	  102551.    	  102213.    	  101882.    	  101625.    	  101422.    	  101180.    	  100923.    
  120.000    	  102983.    	  102696.    	  102348.    	  101977.    	  101656.    	  101440.    	  101258.    	  101042.    	  100854.    
 10 Jan 2019	  40.0000    	  42.5000    	  45.0000    	  47.5000    	  50.0000    	  52.5000    	  55.0000    	  57.5000    	  60.0000    
  70.0000    	  101698.    	  101577.    	  101817.    	  102322.    	  102694.    	  102702.    	  102482.    	  102301.    	  102177.    
  72.5000    	  102109.    	  101884.    	  101947.    	  102319.    	  102685.    	  102748.    	  102550.    	  102316.    	  102112.    
  75.0000    	  102465.    	  102255.    	  102180.    	  102375.    	  102639.    	  102712.    	  102561.    	  102313.    	  102044.    
  77.5000    	  102656.    	  102554.    	  102426.    	  102432.    	  102550.    	  102602.    	  102496.    	  102265.    	  101963.    
  80.0000    	  102654.    	  102707.    	  102607.    	  102476.    	  102432.    	  102428.    	  102360.    	  102177.    	  101872.    
  82.5000    	  102539.    	  102706.    	  102683.    	  102502.    	  102333.    	  102255.    	  102201.    	  102049.    	  101751.    
  85.0000    	  102460.    	  102635.    	  102700.    	  102555.    	  102324.    	  102155.    	  102058.    	  101898.    	  101605.    
  87.5000    	  102521.    	  102597.    	  102730.    	  102670.    	  102424.    	  102154.    	  101957.    	  101742.    	  101431.    
  90.0000    	  102720.    	  102636.    	  102802.    	  102847.    	  102602.    	  102225.    	  101895.    	  101588.    	  101242.    
  92.5000    	  102929.    	  102725.    	  102911.    	  103026.    	  102786.    	  102316.    	  101853.    	  101447.    	  101056.    
  95.0000    	  103015.    	  102791.    	  102993.    	  103128.    	  102874.    	  102345.    	  101805.    	  101327.    	  100893.    
  97.5000    	  102945.    	  102818.    	  103016.    	  103103.    	  102815.    	  102283.    	  101732.    	  101234.    	  100773.    
 100.0000    	  102842.    	  102848.    	  102987.    	  102961.    	  102633.    	  102149.    	  101667.    	  101180.    	  100702.    
  102.500    	  102816.    	  102903.    	  102939.    	  102774.    	  102418.    	  102020.    	  101629.    	  101177.    	  100684.    
  105.000    	  102887.    	  102988.    	  102917.    	  102620.    	  102260.    	  101962.    	  101654.    	  101212.    	  100699.    
  107.500    	  102971.    	  103057.    	  102902.    	  102558.    	  102226.    	  101995.    	  101732.    	  101274.    	  100731.    
  110.000    	  102963.    	  103043.    	  102885.    	  102565.    	  102295.    	  102108.    	  101830.    	  101331.    	  100763.    
  112.500    	  102852.    	  102940.    	  102833.    	  102597.    	  102394.    	  102228.    	  101916.    	  101366.    	  100804.    
  115.000    	  102694.    	  102783.    	  102744.    	  102595.    	  102461.    	  102311.    	  101964.    	  101396.    	  100862.    
  117.500    	  102596.    	  102642.    	  102624.    	  102539.    	  102455.    	  102317.    	  101981.    	  101440.    	  100961.    
  120.000    	  102549.    	  102535.    	  102507.    	  102442.    	  102384.    	  102275.    	  101988.    	  101524.    	  101117.    
 11 Jan 2019	  40.0000    	  42.5000    	  45.0000    	  47.5000    	  50.0000    	  52.5000    	  55.0000    	  57.5000    	  60.0000    
  70.0000    	  102331.    	  102164.    	  102237.    	  102556.    	  102821.    	  102736.    	  102397.    	  102107.    	  101999.    
  72.5000    	  102304.    	  102159.    	  102221.    	  102543.    	  102851.    	  102834.    	  102505.    	  102156.    	  101983.    
  75.0000    	  102325.    	  102241.    	  102287.    	  102546.    	  102853.    	  102904.    	  102613.    	  102222.    	  101989.    
  77.5000    	  102371.    	  102383.    	  102395.    	  102558.    	  102832.    	  102940.    	  102711.    	  102309.    	  102037.    
  80.0000    	  102433.    	  102535.    	  102516.    	  102573.    	  102798.    	  102957.    	  102802.    	  102418.    	  102106.    
  82.5000    	  102481.    	  102642.    	  102610.    	  102609.    	  102792.    	  102975.    	  102884.    	  102531.    	  102199.    
  85.0000    	  102525.    	  102697.    	  102674.    	  102653.    	  102822.    	  103018.    	  102959.    	  102640.    	  102304.    
  87.5000    	  102566.    	  102714.    	  102719.    	  102736.    	  102904.    	  103082.    	  103023.    	  102734.    	  102405.    
  90.0000    	  102631.    	  102712.    	  102755.    	  102837.    	  103007.    	  103146.    	  103073.    	  102800.    	  102481.    
  92.5000    	  102678.    	  102699.    	  102782.    	  102920.    	  103089.    	  103177.    	  103078.    	  102834.    	  102537.    
  95.0000    	  102669.    	  102666.    	  102785.    	  102955.    	  103104.    	  103140.    	  103043.    	  102848.    	  102564.    
  97.5000    	  102568.    	  102590.    	  102732.    	  102895.    	  103000.    	  103013.    	  102950.    	  102830.    	  102564.    
 100.0000    	  102430.    	  102496.    	  102624.    	  102734.    	  102797.    	  102816.    	  102827.    	  102779.    	  102535.    
  102.500    	  102340.    	  102419.    	  102483.    	  102516.    	  102541.    	  102594.    	  102681.    	  102706.    	  102471.    
  105.000    	  102351.    	  102398.    	  102365.    	  102310.    	  102306.    	  102385.    	  102536.    	  102611.    	  102377.    
  107.500    	  102447.    	  102417.    	  102294.    	  102169.    	  102146.    	  102242.    	  102407.    	  102484.    	  102242.    
  110.000    	  102537.    	  102452.    	  102267.    	  102120.    	  102097.    	  102174.    	  102302.    	  102341.    	  102089.    
  112.500    	  102549.    	  102444.    	  102268.    	  102149.    	  102127.    	  102167.    	  102223.    	  102187.    	  101928.    
  115.000    	  102492.    	  102402.    	  102277.    	  102207.    	  102195.    	  102189.    	  102152.    	  102049.    	  101783.    
  117.500    	  102418.    	  102351.    	  102281.    	  102263.    	  102257.    	  102214.    	  102103.    	  101940.    	  101675.    
  120.000    	  102392.    	  102339.    	  102298.    	  102293.    	  102290.    	  102227.    	  102090.    	  101881.    	  101623.    
 12 Jan 2019	  40.0000    	  42.5000    	  45.0000    	  47.5000    	  50.0000    	  52.5000    	  55.0000    	  57.5000    	  60.0000    
  70.0000    	  103239.    	  103290.    	  103298.    	  103324.    	  103269.    	  103004.    	  102597.    	  102257.    	  102010.    
  72.5000    	  103314.    	  103434.    	  103421.    	  103406.    	  103345.    	  103133.    	  102791.    	  102481.    	  102248.    
  75.0000    	  103301.    	  103513.    	  103534.    	  103477.    	  103394.    	  103214.    	  102934.    	  102664.    	  102454.    
  77.5000    	  103175.    	  103487.    	  103579.    	  103520.    	  103416.    	  103268.    	  103042.    	  102810.    	  102612.    
  80.0000    	  102975.    	  103359.    	  103539.    	  103526.    	  103433.    	  103304.    	  103117.    	  102899.    	  102726.    
  82.5000    	  102803.    	  103190.    	  103444.    	  103497.    	  103447.    	  103335.    	  103156.    	  102939.    	  102773.    
  85.0000    	  102763.    	  103065.    	  103332.    	  103444.    	  103437.    	  103349.    	  103157.    	  102932.    	  102768.    
  87.5000    	  102901.    	  103039.    	  103242.    	  103381.    	  103419.    	  103333.    	  103130.    	  102877.    	  102718.    
  90.0000    	  103135.    	  103091.    	  103185.    	  103323.    	  103381.    	  103288.    	  103062.    	  102803.    	  102648.    
  92.5000    	  103318.    	  103142.    	  103162.    	  103290.    	  103337.    	  103230.    	  102991.    	  102726.    	  102579.    
  95.0000    	  103312.    	  103127.    	  103156.    	  103281.    	  103309.    	  103171.    	  102930.    	  102690.    	  102538.    
  97.5000    	  103115.    	  103060.    	  103169.    	  103302.    	  103301.    	  103135.    	  102912.    	  102701.    	  102541.    
 100.0000    	  102886.    	  103003.    	  103215.    	  103354.    	  103309.    	  103134.    	  102947.    	  102776.    	  102596.    
  102.500    	  102774.    	  103018.    	  103277.    	  103394.    	  103311.    	  103141.    	  103014.    	  102900.    	  102693.    
  105.000    	  102823.    	  103090.    	  103330.    	  103388.    	  103279.    	  103145.    	  103097.    	  103036.    	  102815.    
  107.500    	  102939.    	  103162.    	  103309.    	  103310.    	  103203.    	  103126.    	  103152.    	  103158.    	  102937.    
  110.000    	  102981.    	  103130.    	  103196.    	  103159.    	  103075.    	  103065.    	  103161.    	  103230.    	  103035.    
  112.500    	  102886.    	  102973.    	  102995.    	  102960.    	  102923.    	  102967.    	  103115.    	  103244.    	  103102.    
  115.000    	  102695.    	  102737.    	  102752.    	  102767.    	  102783.    	  102855.    	  103033.    	  103211.    	  103145.    
  117.500    	  102519.    	  102514.    	  102545.    	  102604.    	  102662.    	  102741.    	  102932.    	  103152.    	  103165.    
  120.000    	  102415.    	  102368.    	  102402.    	  102492.    	  102571.    	  102650.    	  102842.    	  103103.    	  103188.    
 13 Jan 2019	  40.0000    	  42.5000    	  45.0000    	  47.5000    	  50.0000    	  52.5000    	  55.0000    	  57.5000    	  60.0000    
  70.0000    	  103029.    	  102801.    	  102787.    	  102968.    	  103061.    	  102785.    	  102135.    	  101382.    	  100794.    
  72.5000    	  103565.    	  103288.    	  103129.    	  103205.    	  103275.    	  103062.    	  102481.    	  101751.    	  101119.    
  75.0000    	  103875.    	  103639.    	  103431.    	  103402.    	  103424.    	  103255.    	  102778.    	  102103.    	  101475.    
  77.5000    	  103885.    	  103825.    	  103685.    	  103619.    	  103582.    	  103428.    	  103031.    	  102448.    	  101850.    
  80.0000    	  103666.    	  103856.    	  103906.    	  103885.    	  103801.    	  103634.    	  103287.    	  102786.    	  102240.    
  82.5000    	  103392.    	  103811.    	  104088.    	  104168.    	  104087.    	  103886.    	  103564.    	  103125.    	  102647.    
  85.0000    	  103229.    	  103747.    	  104186.    	  104390.    	  104367.    	  104172.    	  103862.    	  103459.    	  103030.    
  87.5000    	  103245.    	  103700.    	  104170.    	  104490.    	  104576.    	  104438.    	  104136.    	  103760.    	  103369.    
  90.0000    	  103401.    	  103673.    	  104050.    	  104448.    	  104677.    	  104638.    	  104365.    	  104002.    	  103651.    
  92.5000    	  103572.    	  103635.    	  103886.    	  104307.    	  104676.    	  104744.    	  104515.    	  104167.    	  103842.    
  95.0000    	  103640.    	  103587.    	  103734.    	  104167.    	  104618.    	  104767.    	  104576.    	  104245.    	  103942.    
  97.5000    	  103544.    	  103523.    	  103655.    	  104061.    	  104525.    	  104706.    	  104541.    	  104237.    	  103955.    
 100.0000    	  103350.    	  103460.    	  103620.    	  103987.    	  104401.    	  104570.    	  104438.    	  104163.    	  103898.    
  102.500    	  103154.    	  103386.    	  103597.    	  103894.    	  104216.    	  104362.    	  104265.    	  104041.    	  103788.    
  105.000    	  103030.    	  103312.    	  103523.    	  103736.    	  103964.    	  104092.    	  104058.    	  103894.    	  103647.    
  107.500    	  102985.    	  103236.    	  103401.    	  103523.    	  103669.    	  103801.    	  103842.    	  103742.    	  103503.    
  110.000    	  102981.    	  103167.    	  103260.    	  103299.    	  103379.    	  103521.    	  103629.    	  103591.    	  103349.    
  112.500    	  102982.    	  103106.    	  103148.    	  103130.    	  103154.    	  103289.    	  103438.    	  103433.    	  103214.    
  115.000    	  102947.    	  103043.    	  103071.    	  103021.    	  103008.    	  103105.    	  103256.    	  103279.    	  103085.    
  117.500    	  102872.    	  102966.    	  103013.    	  102968.    	  102907.    	  102951.    	  103079.    	  103128.    	  102976.    
  120.000    	  102768.    	  102858.    	  102937.    	  102912.    	  102822.    	  102814.    	  102925.    	  102997.    	  102914.    
 14 Jan 2019	  40.0000    	  42.5000    	  45.0000    	  47.5000    	  50.0000    	  52.5000    	  55.0000    	  57.5000    	  60.0000    
  70.0000    	  102090.    	  101629.    	  101481.    	  101567.    	  101601.    	  101440.    	  101151.    	  100842.    	  100548.    
  72.5000    	  102692.    	  102163.    	  101886.    	  101874.    	  101893.    	  101756.    	  101466.    	  101108.    	  100733.    
  75.0000    	  103151.    	  102637.    	  102299.    	  102211.    	  102189.    	  102075.    	  101808.    	  101420.    	  100986.    
  77.5000    	  103378.    	  102978.    	  102693.    	  102579.    	  102522.    	  102398.    	  102153.    	  101766.    	  101280.    
  80.0000    	  103424.    	  103182.    	  103044.    	  102979.    	  102898.    	  102744.    	  102497.    	  102101.    	  101586.    
  82.5000    	  103402.    	  103300.    	  103358.    	  103425.    	  103343.    	  103128.    	  102828.    	  102411.    	  101882.    
  85.0000    	  103423.    	  103405.    	  103650.    	  103876.    	  103825.    	  103539.    	  103144.    	  102676.    	  102140.    
  87.5000    	  103522.    	  103535.    	  103923.    	  104297.    	  104302.    	  103944.    	  103437.    	  102898.    	  102351.    
  90.0000    	  103658.    	  103711.    	  104169.    	  104663.    	  104726.    	  104316.    	  103698.    	  103070.    	  102511.    
  92.5000    	  103795.    	  103913.    	  104401.    	  104936.    	  105043.    	  104613.    	  103911.    	  103216.    	  102633.    
  95.0000    	  103911.    	  104142.    	  104608.    	  105116.    	  105237.    	  104822.    	  104087.    	  103339.    	  102742.    
  97.5000    	  104027.    	  104368.    	  104782.    	  105203.    	  105311.    	  104936.    	  104223.    	  103457.    	  102835.    
 100.0000    	  104173.    	  104593.    	  104938.    	  105232.    	  105295.    	  104977.    	  104327.    	  103575.    	  102942.    
  102.500    	  104307.    	  104757.    	  105027.    	  105209.    	  105236.    	  104972.    	  104401.    	  103693.    	  103046.    
  105.000    	  104352.    	  104819.    	  105054.    	  105147.    	  105128.    	  104917.    	  104452.    	  103794.    	  103140.    
  107.500    	  104228.    	  104718.    	  104968.    	  105025.    	  104987.    	  104820.    	  104442.    	  103848.    	  103213.    
  110.000    	  103946.    	  104468.    	  104760.    	  104818.    	  104771.    	  104650.    	  104354.    	  103850.    	  103245.    
  112.500    	  103579.    	  104092.    	  104422.    	  104507.    	  104470.    	  104388.    	  104180.    	  103776.    	  103237.    
  115.000    	  103222.    	  103665.    	  103982.    	  104082.    	  104059.    	  104026.    	  103926.    	  103639.    	  103199.    
  117.500    	  102927.    	  103243.    	  103505.    	  103607.    	  103601.    	  103611.    	  103621.    	  103471.    	  103141.    
  120.000    	  102708.    	  102868.    	  103070.    	  103144.    	  103136.    	  103196.    	  103303.    	  103295.    	  103089.    
 15 Jan 2019	  40.0000    	  42.5000    	  45.0000    	  47.5000    	  50.0000    	  52.5000    	  55.0000    	  57.5000    	  60.0000    
  70.0000    	  101549.    	  101251.    	  101087.    	  101152.    	  101401.    	  101611.    	  101578.    	  101292.    	  100925.    
  72.5000    	  101620.    	  101336.    	  101146.    	  101161.    	  101374.    	  101563.    	  101514.    	  101209.    	  100843.    
  75.0000    	  101780.    	  101549.    	  101332.    	  101253.    	  101369.    	  101515.    	  101452.    	  101142.    	  100776.    
  77.5000    	  102005.    	  101859.    	  101635.    	  101452.    	  101439.    	  101513.    	  101429.    	  101121.    	  100766.    
  80.0000    	  102212.    	  102188.    	  102019.    	  101767.    	  101626.    	  101600.    	  101483.    	  101168.    	  100811.    
  82.5000    	  102320.    	  102436.    	  102415.    	  102190.    	  101959.    	  101821.    	  101626.    	  101288.    	  100918.    
  85.0000    	  102341.    	  102566.    	  102755.    	  102675.    	  102421.    	  102160.    	  101859.    	  101471.    	  101072.    
  87.5000    	  102370.    	  102619.    	  103051.    	  103181.    	  102957.    	  102571.    	  102131.    	  101678.    	  101259.    
  90.0000    	  102521.    	  102711.    	  103320.    	  103667.    	  103476.    	  102967.    	  102400.    	  101885.    	  101459.    
  92.5000    	  102792.    	  102920.    	  103626.    	  104091.    	  103899.    	  103283.    	  102608.    	  102062.    	  101644.    
  95.0000    	  103100.    	  103235.    	  103953.    	  104396.    	  104157.    	  103458.    	  102734.    	  102196.    	  101826.    
  97.5000    	  103347.    	  103598.    	  104238.    	  104557.    	  104211.    	  103479.    	  102777.    	  102300.    	  102004.    
 100.0000    	  103543.    	  103926.    	  104424.    	  104527.    	  104087.    	  103377.    	  102757.    	  102382.    	  102176.    
  102.500    	  103748.    	  104173.    	  104465.    	  104352.    	  103847.    	  103207.    	  102713.    	  102452.    	  102350.    
  105.000    	  103998.    	  104334.    	  104383.    	  104087.    	  103571.    	  103033.    	  102662.    	  102515.    	  102502.    
  107.500    	  104233.    	  104397.    	  104233.    	  103816.    	  103316.    	  102873.    	  102609.    	  102560.    	  102632.    
  110.000    	  104346.    	  104355.    	  104050.    	  103584.    	  103108.    	  102729.    	  102548.    	  102581.    	  102731.    
  112.500    	  104271.    	  104205.    	  103872.    	  103394.    	  102924.    	  102584.    	  102462.    	  102575.    	  102800.    
  115.000    	  104038.    	  103973.    	  103668.    	  103204.    	  102728.    	  102410.    	  102356.    	  102550.    	  102840.    
  117.500    	  103733.    	  103696.    	  103444.    	  102996.    	  102514.    	  102223.    	  102249.    	  102526.    	  102869.    
  120.000    	  103399.    	  103394.    	  103197.    	  102765.    	  102293.    	  102052.    	  102168.    	  102522.    	  102884.    
 16 Jan 2019	  40.0000    	  42.5000    	  45.0000    	  47.5000    	  50.0000    	  52.5000    	  55.0000    	  57.5000    	  60.0000    
  70.0000    	  102118.    	  102295.    	  102365.    	  102365.    	  102428.    	  102512.    	  102384.    	  101947.    	  101389.    
  72.5000    	  102127.    	  102362.    	  102433.    	  102376.    	  102411.    	  102517.    	  102432.    	  102021.    	  101455.    
  75.0000    	  102095.    	  102396.    	  102473.    	  102366.    	  102355.    	  102473.    	  102433.    	  102062.    	  101518.    
  77.5000    	  102044.    	  102395.    	  102478.    	  102329.    	  102272.    	  102387.    	  102381.    	  102057.    	  101568.    
  80.0000    	  102019.    	  102401.    	  102485.    	  102300.    	  102202.    	  102286.    	  102287.    	  102020.    	  101600.    
  82.5000    	  102067.    	  102456.    	  102556.    	  102365.    	  102222.    	  102236.    	  102204.    	  101962.    	  101622.    
  85.0000    	  102183.    	  102560.    	  102696.    	  102550.    	  102383.    	  102299.    	  102170.    	  101917.    	  101636.    
  87.5000    	  102305.    	  102646.    	  102861.    	  102824.    	  102674.    	  102481.    	  102214.    	  101904.    	  101646.    
  90.0000    	  102395.    	  102667.    	  102988.    	  103118.    	  103024.    	  102737.    	  102317.    	  101918.    	  101656.    
  92.5000    	  102432.    	  102623.    	  103040.    	  103337.    	  103321.    	  102978.    	  102438.    	  101949.    	  101661.    
  95.0000    	  102455.    	  102586.    	  103043.    	  103433.    	  103481.    	  103114.    	  102500.    	  101954.    	  101649.    
  97.5000    	  102529.    	  102642.    	  103053.    	  103408.    	  103443.    	  103091.    	  102482.    	  101932.    	  101614.    
 100.0000    	  102710.    	  102838.    	  103096.    	  103277.    	  103233.    	  102904.    	  102377.    	  101883.    	  101578.    
  102.500    	  102996.    	  103125.    	  103168.    	  103089.    	  102921.    	  102637.    	  102232.    	  101821.    	  101548.    
  105.000    	  103306.    	  103386.    	  103200.    	  102876.    	  102608.    	  102388.    	  102114.    	  101805.    	  101568.    
  107.500    	  103511.    	  103500.    	  103146.    	  102684.    	  102383.    	  102244.    	  102096.    	  101877.    	  101664.    
  110.000    	  103504.    	  103418.    	  103008.    	  102540.    	  102288.    	  102242.    	  102208.    	  102055.    	  101854.    
  112.500    	  103305.    	  103182.    	  102829.    	  102463.    	  102309.    	  102373.    	  102442.    	  102341.    	  102145.    
  115.000    	  103023.    	  102898.    	  102659.    	  102429.    	  102396.    	  102566.    	  102740.    	  102706.    	  102508.    
  117.500    	  102774.    	  102656.    	  102506.    	  102400.    	  102469.    	  102738.    	  103025.    	  103074.    	  102893.    
  120.000    	  102604.    	  102467.    	  102364.    	  102327.    	  102458.    	  102815.    	  103222.    	  103391.    	  103243.    
 17 Jan 2019	  40.0000    	  42.5000    	  45.0000    	  47.5000    	  50.0000    	  52.5000    	  55.0000    	  57.5000    	  60.0000    
  70.0000    	  102130.    	  102030.    	  102193.    	  102526.    	  102743.    	  102691.    	  102430.    	  102048.    	  101542.    
  72.5000    	  102597.    	  102448.    	  102522.    	  102765.    	  102936.    	  102905.    	  102680.    	  102332.    	  101827.    
  75.0000    	  102877.    	  102762.    	  102809.    	  102985.    	  103110.    	  103080.    	  102881.    	  102546.    	  102059.    
  77.5000    	  102922.    	  102915.    	  102996.    	  103140.    	  103249.    	  103208.    	  103022.    	  102690.    	  102226.    
  80.0000    	  102835.    	  102938.    	  103062.    	  103223.    	  103336.    	  103312.    	  103108.    	  102772.    	  102339.    
  82.5000    	  102754.    	  102919.    	  103057.    	  103234.    	  103388.    	  103384.    	  103163.    	  102804.    	  102399.    
  85.0000    	  102757.    	  102933.    	  103038.    	  103220.    	  103439.    	  103465.    	  103205.    	  102811.    	  102428.    
  87.5000    	  102839.    	  102988.    	  103040.    	  103235.    	  103510.    	  103553.    	  103250.    	  102805.    	  102435.    
  90.0000    	  102893.    	  103031.    	  103066.    	  103284.    	  103610.    	  103653.    	  103282.    	  102789.    	  102429.    
  92.5000    	  102843.    	  103015.    	  103097.    	  103359.    	  103695.    	  103709.    	  103294.    	  102766.    	  102410.    
  95.0000    	  102712.    	  102956.    	  103125.    	  103424.    	  103732.    	  103696.    	  103248.    	  102722.    	  102377.    
  97.5000    	  102584.    	  102907.    	  103150.    	  103442.    	  103675.    	  103578.    	  103148.    	  102657.    	  102321.    
 100.0000    	  102558.    	  102923.    	  103180.    	  103393.    	  103509.    	  103382.    	  103004.    	  102580.    	  102256.    
  102.500    	  102649.    	  102994.    	  103185.    	  103274.    	  103282.    	  103148.    	  102853.    	  102511.    	  102186.    
  105.000    	  102805.    	  103061.    	  103134.    	  103095.    	  103038.    	  102930.    	  102737.    	  102457.    	  102121.    
  107.500    	  102906.    	  103050.    	  103004.    	  102902.    	  102834.    	  102789.    	  102681.    	  102435.    	  102061.    
  110.000    	  102906.    	  102931.    	  102833.    	  102722.    	  102701.    	  102732.    	  102674.    	  102430.    	  102011.    
  112.500    	  102814.    	  102765.    	  102659.    	  102613.    	  102660.    	  102747.    	  102708.    	  102442.    	  101985.    
  115.000    	  102703.    	  102623.    	  102561.    	  102582.    	  102692.    	  102798.    	  102763.    	  102467.    	  101991.    
  117.500    	  102633.    	  102564.    	  102559.    	  102632.    	  102762.    	  102860.    	  102815.    	  102516.    	  102050.    
  120.000    	  102600.    	  102580.    	  102638.    	  102730.    	  102820.    	  102895.    	  102862.    	  102599.    	  102174.    
 18 Jan 2019	  40.0000    	  42.5000    	  45.0000    	  47.5000    	  50.0000    	  52.5000    	  55.0000    	  57.5000    	  60.0000    
  70.0000    	  101322.    	  101157.    	  101346.    	  101726.    	  101994.    	  102000.    	  101748.    	  101284.    	  100704.    
  72.5000    	  101746.    	  101672.    	  101805.    	  102016.    	  102159.    	  102149.    	  101935.    	  101488.    	  100887.    
  75.0000    	  102160.    	  102188.    	  102275.    	  102334.    	  102350.    	  102325.    	  102149.    	  101717.    	  101110.    
  77.5000    	  102489.    	  102616.    	  102691.    	  102652.    	  102589.    	  102540.    	  102376.    	  101956.    	  101350.    
  80.0000    	  102686.    	  102849.    	  102968.    	  102948.    	  102875.    	  102809.    	  102626.    	  102197.    	  101610.    
  82.5000    	  102738.    	  102884.    	  103087.    	  103208.    	  103216.    	  103137.    	  102887.    	  102425.    	  101861.    
  85.0000    	  102730.    	  102797.    	  103100.    	  103433.    	  103588.    	  103492.    	  103142.    	  102640.    	  102106.    
  87.5000    	  102747.    	  102717.    	  103112.    	  103653.    	  103965.    	  103845.    	  103383.    	  102818.    	  102322.    
  90.0000    	  102819.    	  102738.    	  103185.    	  103884.    	  104297.    	  104143.    	  103581.    	  102970.    	  102516.    
  92.5000    	  102904.    	  102857.    	  103333.    	  104094.    	  104531.    	  104335.    	  103717.    	  103098.    	  102677.    
  95.0000    	  102920.    	  102996.    	  103505.    	  104236.    	  104632.    	  104398.    	  103772.    	  103187.    	  102810.    
  97.5000    	  102873.    	  103104.    	  103629.    	  104270.    	  104580.    	  104333.    	  103769.    	  103257.    	  102898.    
 100.0000    	  102841.    	  103189.    	  103694.    	  104200.    	  104396.    	  104173.    	  103724.    	  103295.    	  102960.    
  102.500    	  102877.    	  103273.    	  103711.    	  104056.    	  104144.    	  103958.    	  103642.    	  103309.    	  102962.    
  105.000    	  102972.    	  103350.    	  103698.    	  103879.    	  103864.    	  103718.    	  103530.    	  103283.    	  102919.    
  107.500    	  103027.    	  103385.    	  103650.    	  103696.    	  103590.    	  103484.    	  103401.    	  103208.    	  102829.    
  110.000    	  102965.    	  103334.    	  103554.    	  103504.    	  103339.    	  103258.    	  103250.    	  103095.    	  102702.    
  112.500    	  102803.    	  103195.    	  103389.    	  103296.    	  103100.    	  103039.    	  103083.    	  102952.    	  102561.    
  115.000    	  102637.    	  103002.    	  103181.    	  103070.    	  102876.    	  102837.    	  102914.    	  102799.    	  102426.    
  117.500    	  102533.    	  102823.    	  102967.    	  102857.    	  102681.    	  102669.    	  102761.    	  102665.    	  102309.    
  120.000    	  102509.    	  102698.    	  102792.    	  102691.    	  102539.    	  102554.    	  102647.    	  102558.    	  102232.    
 19 Jan 2019	  40.0000    	  42.5000    	  45.0000    	  47.5000    	  50.0000    	  52.5000    	  55.0000    	  57.5000    	  60.0000    
  70.0000    	  101779.    	  101778.    	  101827.    	  101904.    	  101932.    	  101828.    	  101554.    	  101121.    	  100617.    
  72.5000    	  102039.    	  102051.    	  102048.    	  102037.    	  102006.    	  101909.    	  101662.    	  101229.    	  100705.    
  75.0000    	  102471.    	  102466.    	  102338.    	  102172.    	  102071.    	  101983.    	  101773.    	  101358.    	  100809.    
  77.5000    	  102973.    	  102957.    	  102694.    	  102374.    	  102188.    	  102096.    	  101901.    	  101486.    	  100916.    
  80.0000    	  103362.    	  103393.    	  103083.    	  102678.    	  102423.    	  102280.    	  102044.    	  101605.    	  101022.    
  82.5000    	  103520.    	  103647.    	  103444.    	  103097.    	  102814.    	  102566.    	  102211.    	  101702.    	  101120.    
  85.0000    	  103483.    	  103716.    	  103738.    	  103588.    	  103328.    	  102936.    	  102395.    	  101783.    	  101195.    
  87.5000    	  103374.    	  103670.    	  103982.    	  104115.    	  103903.    	  103334.    	  102575.    	  101846.    	  101260.    
  90.0000    	  103316.    	  103623.    	  104193.    	  104599.    	  104430.    	  103686.    	  102723.    	  101897.    	  101320.    
  92.5000    	  103347.    	  103646.    	  104380.    	  104957.    	  104798.    	  103932.    	  102831.    	  101956.    	  101390.    
  95.0000    	  103427.    	  103742.    	  104536.    	  105141.    	  104956.    	  104025.    	  102900.    	  102019.    	  101473.    
  97.5000    	  103497.    	  103874.    	  104630.    	  105143.    	  104899.    	  103989.    	  102939.    	  102120.    	  101567.    
 100.0000    	  103551.    	  104007.    	  104655.    	  104992.    	  104678.    	  103867.    	  102966.    	  102232.    	  101667.    
  102.500    	  103601.    	  104104.    	  104607.    	  104750.    	  104393.    	  103721.    	  103001.    	  102355.    	  101759.    
  105.000    	  103636.    	  104140.    	  104488.    	  104472.    	  104099.    	  103582.    	  103033.    	  102454.    	  101819.    
  107.500    	  103612.    	  104069.    	  104310.    	  104194.    	  103854.    	  103467.    	  103047.    	  102513.    	  101850.    
  110.000    	  103505.    	  103899.    	  104070.    	  103934.    	  103643.    	  103355.    	  103026.    	  102513.    	  101846.    
  112.500    	  103316.    	  103662.    	  103802.    	  103673.    	  103438.    	  103218.    	  102941.    	  102467.    	  101840.    
  115.000    	  103105.    	  103398.    	  103513.    	  103406.    	  103205.    	  103030.    	  102802.    	  102403.    	  101852.    
  117.500    	  102911.    	  103138.    	  103224.    	  103105.    	  102925.    	  102792.    	  102645.    	  102336.    	  101899.    
  120.000    	  102713.    	  102898.    	  102926.    	  102782.    	  102612.    	  102541.    	  102487.    	  102310.    	  102006.    
 20 Jan 2019	  40.0000    	  42.5000    	  45.0000    	  47.5000    	  50.0000    	  52.5000    	  55.0000    	  57.5000    	  60.0000    
  70.0000    	  101808.    	  101692.    	  101618.    	  101727.    	  101886.    	  101818.    	  101428.    	  100984.    	  100792.    
  72.5000    	  101890.    	  101763.    	  101653.    	  101745.    	  101951.    	  101956.    	  101600.    	  101128.    	  100884.    
  75.0000    	  102219.    	  102020.    	  101779.    	  101756.    	  101944.    	  102015.    	  101724.    	  101263.    	  100990.    
  77.5000    	  102672.    	  102391.    	  102000.    	  101825.    	  101942.    	  102036.    	  101808.    	  101384.    	  101087.    
  80.0000    	  103052.    	  102782.    	  102305.    	  102014.    	  102035.    	  102104.    	  101890.    	  101477.    	  101172.    
  82.5000    	  103226.    	  103078.    	  102669.    	  102356.    	  102303.    	  102275.    	  101999.    	  101561.    	  101239.    
  85.0000    	  103275.    	  103286.    	  103062.    	  102844.    	  102739.    	  102557.    	  102138.    	  101627.    	  101274.    
  87.5000    	  103370.    	  103474.    	  103471.    	  103405.    	  103265.    	  102896.    	  102285.    	  101666.    	  101282.    
  90.0000    	  103615.    	  103696.    	  103849.    	  103921.    	  103744.    	  103186.    	  102390.    	  101681.    	  101268.    
  92.5000    	  103951.    	  103920.    	  104117.    	  104264.    	  104034.    	  103339.    	  102429.    	  101672.    	  101239.    
  95.0000    	  104206.    	  104068.    	  104235.    	  104350.    	  104066.    	  103315.    	  102389.    	  101648.    	  101215.    
  97.5000    	  104270.    	  104105.    	  104192.    	  104222.    	  103875.    	  103145.    	  102302.    	  101628.    	  101191.    
 100.0000    	  104205.    	  104081.    	  104067.    	  103957.    	  103561.    	  102916.    	  102214.    	  101629.    	  101180.    
  102.500    	  104153.    	  104075.    	  103947.    	  103679.    	  103244.    	  102705.    	  102159.    	  101646.    	  101159.    
  105.000    	  104188.    	  104122.    	  103857.    	  103444.    	  102981.    	  102545.    	  102119.    	  101650.    	  101118.    
  107.500    	  104241.    	  104145.    	  103752.    	  103240.    	  102780.    	  102423.    	  102081.    	  101625.    	  101046.    
  110.000    	  104172.    	  104018.    	  103558.    	  103015.    	  102585.    	  102298.    	  102005.    	  101550.    	  100947.    
  112.500    	  103903.    	  103706.    	  103247.    	  102736.    	  102366.    	  102130.    	  101871.    	  101427.    	  100843.    
  115.000    	  103502.    	  103274.    	  102856.    	  102419.    	  102115.    	  101937.    	  101706.    	  101300.    	  100779.    
  117.500    	  103094.    	  102844.    	  102478.    	  102116.    	  101876.    	  101747.    	  101571.    	  101223.    	  100786.    
  120.000    	  102774.    	  102525.    	  102203.    	  101890.    	  101695.    	  101618.    	  101500.    	  101240.    	  100901.    
 21 Jan 2019	  40.0000    	  42.5000    	  45.0000    	  47.5000    	  50.0000    	  52.5000    	  55.0000    	  57.5000    	  60.0000    
  70.0000    	  102966.    	  103007.    	  102810.    	  102501.    	  102198.    	  101906.    	  101564.    	  101104.    	  100642.    
  72.5000    	  102875.    	  103025.    	  102875.    	  102549.    	  102190.    	  101849.    	  101486.    	  101050.    	  100632.    
  75.0000    	  102767.    	  102994.    	  102894.    	  102567.    	  102182.    	  101814.    	  101441.    	  101047.    	  100688.    
  77.5000    	  102672.    	  102928.    	  102882.    	  102583.    	  102191.    	  101807.    	  101448.    	  101096.    	  100820.    
  80.0000    	  102593.    	  102864.    	  102880.    	  102634.    	  102252.    	  101868.    	  101512.    	  101206.    	  101012.    
  82.5000    	  102549.    	  102830.    	  102927.    	  102776.    	  102422.    	  102005.    	  101635.    	  101365.    	  101244.    
  85.0000    	  102590.    	  102868.    	  103058.    	  103011.    	  102691.    	  102232.    	  101813.    	  101551.    	  101486.    
  87.5000    	  102768.    	  102986.    	  103234.    	  103297.    	  103021.    	  102507.    	  102013.    	  101738.    	  101715.    
  90.0000    	  103089.    	  103151.    	  103406.    	  103553.    	  103320.    	  102757.    	  102196.    	  101903.    	  101897.    
  92.5000    	  103436.    	  103289.    	  103487.    	  103683.    	  103485.    	  102913.    	  102329.    	  102027.    	  102017.    
  95.0000    	  103650.    	  103331.    	  103446.    	  103643.    	  103470.    	  102928.    	  102378.    	  102088.    	  102068.    
  97.5000    	  103645.    	  103252.    	  103295.    	  103443.    	  103281.    	  102812.    	  102343.    	  102094.    	  102047.    
 100.0000    	  103468.    	  103119.    	  103111.    	  103173.    	  102994.    	  102609.    	  102253.    	  102059.    	  101966.    
  102.500    	  103269.    	  103018.    	  102965.    	  102911.    	  102700.    	  102390.    	  102138.    	  101976.    	  101839.    
  105.000    	  103159.    	  102999.    	  102890.    	  102718.    	  102446.    	  102177.    	  102007.    	  101862.    	  101662.    
  107.500    	  103121.    	  103011.    	  102844.    	  102575.    	  102252.    	  101998.    	  101857.    	  101707.    	  101458.    
  110.000    	  103051.    	  102965.    	  102762.    	  102435.    	  102079.    	  101823.    	  101684.    	  101521.    	  101240.    
  112.500    	  102871.    	  102784.    	  102583.    	  102251.    	  101888.    	  101638.    	  101489.    	  101318.    	  101046.    
  115.000    	  102584.    	  102498.    	  102308.    	  102009.    	  101678.    	  101435.    	  101291.    	  101131.    	  100895.    
  117.500    	  102289.    	  102184.    	  102015.    	  101748.    	  101463.    	  101256.    	  101139.    	  101011.    	  100828.    
  120.000    	  102068.    	  101928.    	  101768.    	  101531.    	  101296.    	  101143.    	  101075.    	  100994.    	  100862.    
 22 Jan 2019	  40.0000    	  42.5000    	  45.0000    	  47.5000    	  50.0000    	  52.5000    	  55.0000    	  57.5000    	  60.0000    
  70.0000    	  102365.    	  102493.    	  102647.    	  102893.    	  103051.    	  102819.    	  102207.    	  101547.    	  101092.    
  72.5000    	  102494.    	  102660.    	  102748.    	  102926.    	  103114.    	  102997.    	  102458.    	  101788.    	  101272.    
  75.0000    	  102648.    	  102873.    	  102888.    	  102958.    	  103128.    	  103085.    	  102645.    	  102001.    	  101447.    
  77.5000    	  102753.    	  103034.    	  103012.    	  102984.    	  103104.    	  103118.    	  102766.    	  102157.    	  101589.    
  80.0000    	  102737.    	  103085.    	  103082.    	  103007.    	  103082.    	  103122.    	  102831.    	  102249.    	  101680.    
  82.5000    	  102639.    	  103032.    	  103093.    	  103033.    	  103094.    	  103132.    	  102851.    	  102289.    	  101729.    
  85.0000    	  102547.    	  102936.    	  103081.    	  103092.    	  103162.    	  103172.    	  102855.    	  102282.    	  101753.    
  87.5000    	  102567.    	  102888.    	  103086.    	  103184.    	  103277.    	  103240.    	  102859.    	  102254.    	  101776.    
  90.0000    	  102704.    	  102904.    	  103118.    	  103302.    	  103418.    	  103310.    	  102852.    	  102239.    	  101818.    
  92.5000    	  102879.    	  102951.    	  103171.    	  103405.    	  103525.    	  103355.    	  102837.    	  102237.    	  101903.    
  95.0000    	  102968.    	  102982.    	  103202.    	  103460.    	  103549.    	  103320.    	  102798.    	  102264.    	  102027.    
  97.5000    	  102934.    	  102965.    	  103189.    	  103413.    	  103447.    	  103195.    	  102733.    	  102308.    	  102181.    
 100.0000    	  102833.    	  102926.    	  103129.    	  103264.    	  103226.    	  102995.    	  102652.    	  102376.    	  102353.    
  102.500    	  102772.    	  102907.    	  103032.    	  103050.    	  102946.    	  102773.    	  102589.    	  102472.    	  102514.    
  105.000    	  102781.    	  102903.    	  102924.    	  102815.    	  102676.    	  102597.    	  102575.    	  102583.    	  102651.    
  107.500    	  102797.    	  102882.    	  102807.    	  102618.    	  102481.    	  102503.    	  102617.    	  102705.    	  102749.    
  110.000    	  102714.    	  102792.    	  102683.    	  102476.    	  102379.    	  102493.    	  102700.    	  102819.    	  102805.    
  112.500    	  102525.    	  102614.    	  102529.    	  102372.    	  102332.    	  102512.    	  102774.    	  102887.    	  102812.    
  115.000    	  102273.    	  102382.    	  102355.    	  102255.    	  102261.    	  102487.    	  102781.    	  102901.    	  102795.    
  117.500    	  102052.    	  102134.    	  102140.    	  102077.    	  102112.    	  102347.    	  102677.    	  102843.    	  102747.    
  120.000    	  101891.    	  101906.    	  101890.    	  101828.    	  101847.    	  102094.    	  102471.    	  102721.    	  102692.    
 23 Jan 2019	  40.0000    	  42.5000    	  45.0000    	  47.5000    	  50.0000    	  52.5000    	  55.0000    	  57.5000    	  60.0000    
  70.0000    	  102411.    	  102511.    	  102678.    	  102781.    	  102686.    	  102378.    	  101983.    	  101629.    	  101385.    
  72.5000    	  102545.    	  102601.    	  102727.    	  102855.    	  102826.    	  102573.    	  102176.    	  101779.    	  101477.    
  75.0000    	  102733.    	  102726.    	  102780.    	  102883.    	  102909.    	  102742.    	  102388.    	  101971.    	  101616.    
  77.5000    	  102875.    	  102856.    	  102840.    	  102898.    	  102963.    	  102885.    	  102594.    	  102181.    	  101777.    
  80.0000    	  102872.    	  102924.    	  102903.    	  102929.    	  103018.    	  103014.    	  102784.    	  102370.    	  101942.    
  82.5000    	  102703.    	  102903.    	  102945.    	  102980.    	  103102.    	  103147.    	  102942.    	  102521.    	  102082.    
  85.0000    	  102458.    	  102804.    	  102962.    	  103066.    	  103229.    	  103307.    	  103092.    	  102649.    	  102201.    
  87.5000    	  102285.    	  102705.    	  102966.    	  103182.    	  103410.    	  103493.    	  103239.    	  102756.    	  102306.    
  90.0000    	  102260.    	  102668.    	  103004.    	  103329.    	  103627.    	  103696.    	  103384.    	  102866.    	  102412.    
  92.5000    	  102363.    	  102710.    	  103098.    	  103510.    	  103854.    	  103895.    	  103530.    	  102978.    	  102537.    
  95.0000    	  102468.    	  102794.    	  103232.    	  103700.    	  104040.    	  104039.    	  103643.    	  103094.    	  102669.    
  97.5000    	  102488.    	  102875.    	  103359.    	  103827.    	  104135.    	  104094.    	  103708.    	  103201.    	  102805.    
 100.0000    	  102417.    	  102894.    	  103413.    	  103838.    	  104080.    	  104043.    	  103710.    	  103282.    	  102930.    
  102.500    	  102329.    	  102856.    	  103339.    	  103697.    	  103900.    	  103891.    	  103665.    	  103329.    	  103022.    
  105.000    	  102295.    	  102759.    	  103156.    	  103441.    	  103638.    	  103696.    	  103584.    	  103345.    	  103083.    
  107.500    	  102321.    	  102651.    	  102924.    	  103158.    	  103387.    	  103523.    	  103505.    	  103342.    	  103118.    
  110.000    	  102374.    	  102562.    	  102741.    	  102962.    	  103225.    	  103419.    	  103460.    	  103354.    	  103139.    
  112.500    	  102439.    	  102531.    	  102664.    	  102898.    	  103176.    	  103382.    	  103444.    	  103364.    	  103183.    
  115.000    	  102489.    	  102559.    	  102705.    	  102939.    	  103190.    	  103367.    	  103430.    	  103390.    	  103245.    
  117.500    	  102528.    	  102625.    	  102782.    	  103000.    	  103177.    	  103291.    	  103378.    	  103411.    	  103334.    
  120.000    	  102526.    	  102652.    	  102828.    	  102973.    	  103051.    	  103110.    	  103253.    	  103413.    	  103423.    
 24 Jan 2019	  40.0000    	  42.5000    	  45.0000    	  47.5000    	  50.0000    	  52.5000    	  55.0000    	  57.5000    	  60.0000    
  70.0000    	  102966.    	  103002.    	  103098.    	  103128.    	  102986.    	  102668.    	  102330.    	  102148.    	  102132.    
  72.5000    	  103092.    	  103151.    	  103230.    	  103195.    	  102949.    	  102563.    	  102202.    	  102028.    	  102046.    
  75.0000    	  103245.    	  103297.    	  103350.    	  103261.    	  102956.    	  102543.    	  102183.    	  102015.    	  102034.    
  77.5000    	  103361.    	  103383.    	  103419.    	  103311.    	  103010.    	  102620.    	  102280.    	  102099.    	  102094.    
  80.0000    	  103396.    	  103393.    	  103434.    	  103361.    	  103118.    	  102792.    	  102469.    	  102255.    	  102203.    
  82.5000    	  103351.    	  103346.    	  103435.    	  103447.    	  103306.    	  103041.    	  102717.    	  102447.    	  102336.    
  85.0000    	  103247.    	  103300.    	  103464.    	  103588.    	  103557.    	  103338.    	  102970.    	  102626.    	  102460.    
  87.5000    	  103161.    	  103284.    	  103545.    	  103794.    	  103848.    	  103625.    	  103187.    	  102761.    	  102561.    
  90.0000    	  103099.    	  103303.    	  103664.    	  104005.    	  104117.    	  103868.    	  103350.    	  102851.    	  102642.    
  92.5000    	  103077.    	  103353.    	  103794.    	  104190.    	  104312.    	  104027.    	  103443.    	  102916.    	  102713.    
  95.0000    	  103084.    	  103451.    	  103917.    	  104311.    	  104407.    	  104093.    	  103492.    	  102977.    	  102793.    
  97.5000    	  103137.    	  103586.    	  104040.    	  104366.    	  104414.    	  104093.    	  103540.    	  103057.    	  102888.    
 100.0000    	  103234.    	  103760.    	  104171.    	  104390.    	  104368.    	  104075.    	  103600.    	  103176.    	  103005.    
  102.500    	  103353.    	  103915.    	  104272.    	  104387.    	  104325.    	  104084.    	  103698.    	  103324.    	  103114.    
  105.000    	  103393.    	  103983.    	  104315.    	  104382.    	  104309.    	  104130.    	  103841.    	  103484.    	  103211.    
  107.500    	  103297.    	  103908.    	  104268.    	  104357.    	  104318.    	  104222.    	  103991.    	  103635.    	  103271.    
  110.000    	  103097.    	  103724.    	  104148.    	  104302.    	  104331.    	  104297.    	  104118.    	  103743.    	  103311.    
  112.500    	  102902.    	  103520.    	  103980.    	  104193.    	  104279.    	  104310.    	  104186.    	  103814.    	  103321.    
  115.000    	  102808.    	  103355.    	  103787.    	  104003.    	  104122.    	  104219.    	  104166.    	  103842.    	  103339.    
  117.500    	  102810.    	  103234.    	  103568.    	  103733.    	  103849.    	  103992.    	  104055.    	  103841.    	  103378.    
  120.000    	  102821.    	  103108.    	  103329.    	  103410.    	  103484.    	  103679.    	  103874.    	  103812.    	  103449.    
 25 Jan 2019	  40.0000    	  42.5000    	  45.0000    	  47.5000    	  50.0000    	  52.5000    	  55.0000    	  57.5000    	  60.0000    
  70.0000    	  102982.    	  102982.    	  103066.    	  103318.    	  103547.    	  103463.    	  103040.    	  102646.    	  102553.    
  72.5000    	  103364.    	  103311.    	  103311.    	  103529.    	  103756.    	  103651.    	  103172.    	  102719.    	  102594.    
  75.0000    	  103737.    	  103629.    	  103549.    	  103697.    	  103880.    	  103725.    	  103198.    	  102689.    	  102552.    
  77.5000    	  103968.    	  103819.    	  103697.    	  103788.    	  103916.    	  103714.    	  103149.    	  102613.    	  102463.    
  80.0000    	  103957.    	  103833.    	  103733.    	  103806.    	  103889.    	  103656.    	  103083.    	  102534.    	  102358.    
  82.5000    	  103755.    	  103719.    	  103702.    	  103800.    	  103849.    	  103611.    	  103054.    	  102500.    	  102286.    
  85.0000    	  103542.    	  103614.    	  103693.    	  103817.    	  103857.    	  103622.    	  103101.    	  102538.    	  102264.    
  87.5000    	  103474.    	  103609.    	  103746.    	  103882.    	  103904.    	  103683.    	  103194.    	  102638.    	  102307.    
  90.0000    	  103581.    	  103698.    	  103845.    	  103968.    	  103958.    	  103741.    	  103311.    	  102789.    	  102402.    
  92.5000    	  103716.    	  103801.    	  103936.    	  104018.    	  103965.    	  103765.    	  103408.    	  102934.    	  102534.    
  95.0000    	  103740.    	  103833.    	  103971.    	  104016.    	  103909.    	  103716.    	  103441.    	  103054.    	  102664.    
  97.5000    	  103617.    	  103800.    	  103972.    	  103973.    	  103799.    	  103605.    	  103416.    	  103134.    	  102790.    
 100.0000    	  103460.    	  103779.    	  103988.    	  103930.    	  103688.    	  103481.    	  103353.    	  103163.    	  102880.    
  102.500    	  103427.    	  103849.    	  104069.    	  103946.    	  103633.    	  103400.    	  103297.    	  103159.    	  102931.    
  105.000    	  103570.    	  104014.    	  104203.    	  104022.    	  103670.    	  103399.    	  103278.    	  103144.    	  102943.    
  107.500    	  103796.    	  104187.    	  104332.    	  104145.    	  103787.    	  103488.    	  103300.    	  103119.    	  102922.    
  110.000    	  103981.    	  104289.    	  104402.    	  104245.    	  103939.    	  103629.    	  103353.    	  103098.    	  102875.    
  112.500    	  104032.    	  104280.    	  104388.    	  104295.    	  104063.    	  103754.    	  103414.    	  103077.    	  102827.    
  115.000    	  103957.    	  104171.    	  104290.    	  104262.    	  104090.    	  103818.    	  103454.    	  103069.    	  102794.    
  117.500    	  103803.    	  104000.    	  104118.    	  104117.    	  103993.    	  103769.    	  103446.    	  103082.    	  102808.    
  120.000    	  103588.    	  103781.    	  103888.    	  103866.    	  103763.    	  103625.    	  103406.    	  103110.    	  102851.    
 26 Jan 2019	  40.0000    	  42.5000    	  45.0000    	  47.5000    	  50.0000    	  52.5000    	  55.0000    	  57.5000    	  60.0000    
  70.0000    	  102907.    	  102732.    	  102625.    	  102651.    	  102609.    	  102250.    	  101644.    	  101268.    	  101471.    
  72.5000    	  103335.    	  103059.    	  102812.    	  102716.    	  102600.    	  102207.    	  101612.    	  101268.    	  101496.    
  75.0000    	  103611.    	  103283.    	  102972.    	  102817.    	  102658.    	  102252.    	  101683.    	  101365.    	  101589.    
  77.5000    	  103674.    	  103355.    	  103082.    	  102941.    	  102773.    	  102374.    	  101829.    	  101523.    	  101708.    
  80.0000    	  103586.    	  103322.    	  103151.    	  103073.    	  102927.    	  102550.    	  102036.    	  101712.    	  101835.    
  82.5000    	  103450.    	  103291.    	  103228.    	  103227.    	  103122.    	  102771.    	  102264.    	  101915.    	  101948.    
  85.0000    	  103342.    	  103315.    	  103354.    	  103411.    	  103349.    	  103026.    	  102522.    	  102119.    	  102042.    
  87.5000    	  103301.    	  103417.    	  103516.    	  103609.    	  103594.    	  103303.    	  102791.    	  102317.    	  102123.    
  90.0000    	  103318.    	  103552.    	  103672.    	  103790.    	  103820.    	  103581.    	  103053.    	  102504.    	  102201.    
  92.5000    	  103371.    	  103662.    	  103773.    	  103891.    	  103975.    	  103790.    	  103279.    	  102677.    	  102278.    
  95.0000    	  103410.    	  103709.    	  103790.    	  103897.    	  104005.    	  103874.    	  103405.    	  102798.    	  102350.    
  97.5000    	  103406.    	  103684.    	  103723.    	  103782.    	  103878.    	  103797.    	  103407.    	  102857.    	  102407.    
 100.0000    	  103365.    	  103611.    	  103597.    	  103560.    	  103599.    	  103550.    	  103275.    	  102838.    	  102435.    
  102.500    	  103303.    	  103509.    	  103428.    	  103282.    	  103224.    	  103194.    	  103050.    	  102760.    	  102427.    
  105.000    	  103242.    	  103386.    	  103232.    	  102988.    	  102843.    	  102809.    	  102776.    	  102634.    	  102396.    
  107.500    	  103198.    	  103256.    	  103051.    	  102730.    	  102522.    	  102490.    	  102544.    	  102509.    	  102336.    
  110.000    	  103171.    	  103144.    	  102895.    	  102549.    	  102309.    	  102287.    	  102384.    	  102410.    	  102277.    
  112.500    	  103172.    	  103062.    	  102798.    	  102460.    	  102219.    	  102196.    	  102301.    	  102344.    	  102218.    
  115.000    	  103196.    	  103033.    	  102760.    	  102436.    	  102211.    	  102180.    	  102280.    	  102307.    	  102182.    
  117.500    	  103231.    	  103046.    	  102773.    	  102455.    	  102218.    	  102179.    	  102264.    	  102292.    	  102162.    
  120.000    	  103241.    	  103068.    	  102806.    	  102469.    	  102203.    	  102146.    	  102243.    	  102285.    	  102167.    
 27 Jan 2019	  40.0000    	  42.5000    	  45.0000    	  47.5000    	  50.0000    	  52.5000    	  55.0000    	  57.5000    	  60.0000    
  70.0000    	  103101.    	  102790.    	  102840.    	  103297.    	  103762.    	  103846.    	  103568.    	  103273.    	  103162.    
  72.5000    	  103534.    	  103138.    	  103025.    	  103327.    	  103676.    	  103687.    	  103358.    	  103033.    	  102906.    
  75.0000    	  103775.    	  103389.    	  103216.    	  103381.    	  103595.    	  103513.    	  103146.    	  102796.    	  102651.    
  77.5000    	  103761.    	  103459.    	  103302.    	  103384.    	  103484.    	  103329.    	  102930.    	  102560.    	  102399.    
  80.0000    	  103575.    	  103341.    	  103242.    	  103290.    	  103320.    	  103123.    	  102725.    	  102342.    	  102148.    
  82.5000    	  103353.    	  103146.    	  103078.    	  103102.    	  103096.    	  102908.    	  102517.    	  102121.    	  101906.    
  85.0000    	  103236.    	  103036.    	  102928.    	  102894.    	  102854.    	  102686.    	  102316.    	  101911.    	  101668.    
  87.5000    	  103262.    	  103071.    	  102879.    	  102741.    	  102653.    	  102480.    	  102125.    	  101708.    	  101442.    
  90.0000    	  103377.    	  103246.    	  102969.    	  102707.    	  102524.    	  102322.    	  101952.    	  101521.    	  101254.    
  92.5000    	  103465.    	  103452.    	  103139.    	  102765.    	  102493.    	  102217.    	  101825.    	  101380.    	  101115.    
  95.0000    	  103448.    	  103580.    	  103301.    	  102874.    	  102505.    	  102168.    	  101744.    	  101301.    	  101045.    
  97.5000    	  103339.    	  103606.    	  103396.    	  102959.    	  102544.    	  102165.    	  101733.    	  101298.    	  101041.    
 100.0000    	  103242.    	  103573.    	  103431.    	  103012.    	  102586.    	  102199.    	  101792.    	  101384.    	  101107.    
  102.500    	  103249.    	  103551.    	  103430.    	  103034.    	  102622.    	  102267.    	  101915.    	  101533.    	  101226.    
  105.000    	  103334.    	  103554.    	  103420.    	  103027.    	  102642.    	  102362.    	  102079.    	  101716.    	  101363.    
  107.500    	  103394.    	  103532.    	  103369.    	  102986.    	  102649.    	  102448.    	  102246.    	  101894.    	  101484.    
  110.000    	  103305.    	  103406.    	  103229.    	  102872.    	  102599.    	  102497.    	  102368.    	  102025.    	  101569.    
  112.500    	  103060.    	  103149.    	  102980.    	  102658.    	  102460.    	  102461.    	  102413.    	  102094.    	  101616.    
  115.000    	  102759.    	  102811.    	  102626.    	  102330.    	  102214.    	  102326.    	  102366.    	  102092.    	  101631.    
  117.500    	  102516.    	  102470.    	  102222.    	  101933.    	  101890.    	  102106.    	  102243.    	  102045.    	  101647.    
  120.000    	  102378.    	  102184.    	  101844.    	  101539.    	  101541.    	  101846.    	  102093.    	  101989.    	  101684.    
 28 Jan 2019	  40.0000    	  42.5000    	  45.0000    	  47.5000    	  50.0000    	  52.5000    	  55.0000    	  57.5000    	  60.0000    
  70.0000    	  102857.    	  102715.    	  103055.    	  103756.    	  104376.    	  104567.    	  104362.    	  103965.    	  103480.    
  72.5000    	  103290.    	  103039.    	  103356.    	  104066.    	  104631.    	  104715.    	  104430.    	  104010.    	  103525.    
  75.0000    	  103485.    	  103211.    	  103562.    	  104308.    	  104814.    	  104789.    	  104426.    	  104000.    	  103519.    
  77.5000    	  103420.    	  103225.    	  103697.    	  104497.    	  104951.    	  104813.    	  104383.    	  103942.    	  103474.    
  80.0000    	  103203.    	  103147.    	  103770.    	  104635.    	  105039.    	  104810.    	  104324.    	  103859.    	  103375.    
  82.5000    	  102986.    	  103052.    	  103775.    	  104657.    	  105035.    	  104779.    	  104258.    	  103754.    	  103247.    
  85.0000    	  102894.    	  102996.    	  103676.    	  104506.    	  104894.    	  104687.    	  104182.    	  103634.    	  103088.    
  87.5000    	  102971.    	  102991.    	  103458.    	  104148.    	  104579.    	  104512.    	  104079.    	  103497.    	  102900.    
  90.0000    	  103169.    	  102999.    	  103143.    	  103626.    	  104126.    	  104259.    	  103939.    	  103337.    	  102703.    
  92.5000    	  103351.    	  102984.    	  102783.    	  103059.    	  103616.    	  103958.    	  103770.    	  103167.    	  102500.    
  95.0000    	  103379.    	  102909.    	  102451.    	  102551.    	  103139.    	  103643.    	  103576.    	  102990.    	  102310.    
  97.5000    	  103224.    	  102761.    	  102197.    	  102179.    	  102746.    	  103330.    	  103358.    	  102813.    	  102143.    
 100.0000    	  102976.    	  102604.    	  102047.    	  101942.    	  102441.    	  103035.    	  103123.    	  102635.    	  102001.    
  102.500    	  102776.    	  102496.    	  101979.    	  101806.    	  102198.    	  102736.    	  102864.    	  102451.    	  101863.    
  105.000    	  102707.    	  102466.    	  101967.    	  101722.    	  101980.    	  102440.    	  102593.    	  102261.    	  101722.    
  107.500    	  102756.    	  102488.    	  101984.    	  101658.    	  101782.    	  102150.    	  102325.    	  102061.    	  101573.    
  110.000    	  102828.    	  102530.    	  102015.    	  101629.    	  101636.    	  101919.    	  102082.    	  101867.    	  101421.    
  112.500    	  102849.    	  102558.    	  102071.    	  101659.    	  101584.    	  101780.    	  101893.    	  101693.    	  101272.    
  115.000    	  102823.    	  102580.    	  102151.    	  101764.    	  101634.    	  101731.    	  101777.    	  101551.    	  101157.    
  117.500    	  102774.    	  102594.    	  102269.    	  101923.    	  101755.    	  101755.    	  101728.    	  101467.    	  101093.    
  120.000    	  102711.    	  102603.    	  102373.    	  102081.    	  101879.    	  101809.    	  101716.    	  101435.    	  101090.    
 29 Jan 2019	  40.0000    	  42.5000    	  45.0000    	  47.5000    	  50.0000    	  52.5000    	  55.0000    	  57.5000    	  60.0000    
  70.0000    	  101688.    	  101746.    	  102275.    	  102938.    	  103363.    	  103442.    	  103234.    	  102826.    	  102333.    
  72.5000    	  102079.    	  102173.    	  102670.    	  103244.    	  103610.    	  103692.    	  103475.    	  102960.    	  102285.    
  75.0000    	  102431.    	  102629.    	  103103.    	  103540.    	  103798.    	  103882.    	  103684.    	  103079.    	  102245.    
  77.5000    	  102739.    	  103084.    	  103577.    	  103891.    	  104004.    	  104048.    	  103845.    	  103170.    	  102202.    
  80.0000    	  102986.    	  103495.    	  104055.    	  104284.    	  104275.    	  104233.    	  103976.    	  103215.    	  102153.    
  82.5000    	  103148.    	  103768.    	  104438.    	  104688.    	  104608.    	  104449.    	  104073.    	  103216.    	  102107.    
  85.0000    	  103228.    	  103874.    	  104660.    	  105019.    	  104948.    	  104668.    	  104128.    	  103171.    	  102065.    
  87.5000    	  103271.    	  103855.    	  104717.    	  105235.    	  105229.    	  104843.    	  104128.    	  103082.    	  102025.    
  90.0000    	  103315.    	  103792.    	  104670.    	  105334.    	  105422.    	  104946.    	  104062.    	  102964.    	  102002.    
  92.5000    	  103352.    	  103754.    	  104602.    	  105349.    	  105492.    	  104948.    	  103946.    	  102838.    	  102004.    
  95.0000    	  103334.    	  103748.    	  104548.    	  105286.    	  105443.    	  104857.    	  103803.    	  102742.    	  102042.    
  97.5000    	  103247.    	  103741.    	  104478.    	  105153.    	  105277.    	  104688.    	  103665.    	  102690.    	  102118.    
 100.0000    	  103122.    	  103687.    	  104357.    	  104920.    	  105014.    	  104483.    	  103562.    	  102703.    	  102228.    
  102.500    	  103020.    	  103572.    	  104148.    	  104595.    	  104688.    	  104265.    	  103510.    	  102778.    	  102354.    
  105.000    	  102952.    	  103406.    	  103854.    	  104214.    	  104322.    	  104054.    	  103489.    	  102889.    	  102475.    
  107.500    	  102877.    	  103194.    	  103521.    	  103801.    	  103940.    	  103830.    	  103469.    	  102993.    	  102569.    
  110.000    	  102770.    	  102953.    	  103172.    	  103383.    	  103552.    	  103571.    	  103392.    	  103046.    	  102622.    
  112.500    	  102621.    	  102713.    	  102827.    	  102962.    	  103113.    	  103231.    	  103230.    	  103012.    	  102623.    
  115.000    	  102490.    	  102488.    	  102488.    	  102521.    	  102628.    	  102799.    	  102947.    	  102891.    	  102576.    
  117.500    	  102424.    	  102303.    	  102176.    	  102091.    	  102119.    	  102311.    	  102593.    	  102711.    	  102500.    
  120.000    	  102420.    	  102176.    	  101920.    	  101716.    	  101660.    	  101854.    	  102235.    	  102506.    	  102427.    
 30 Jan 2019	  40.0000    	  42.5000    	  45.0000    	  47.5000    	  50.0000    	  52.5000    	  55.0000    	  57.5000    	  60.0000    
  70.0000    	  101409.    	  101191.    	  101284.    	  101599.    	  101889.    	  101996.    	  102071.    	  102316.    	  102737.    
  72.5000    	  101759.    	  101484.    	  101486.    	  101783.    	  102104.    	  102225.    	  102206.    	  102313.    	  102638.    
  75.0000    	  102329.    	  102036.    	  101873.    	  102006.    	  102264.    	  102384.    	  102309.    	  102300.    	  102505.    
  77.5000    	  102972.    	  102746.    	  102411.    	  102288.    	  102411.    	  102488.    	  102371.    	  102257.    	  102351.    
  80.0000    	  103492.    	  103429.    	  103007.    	  102667.    	  102609.    	  102590.    	  102411.    	  102185.    	  102170.    
  82.5000    	  103739.    	  103914.    	  103563.    	  103137.    	  102913.    	  102758.    	  102451.    	  102112.    	  101982.    
  85.0000    	  103755.    	  104157.    	  104022.    	  103658.    	  103347.    	  103011.    	  102519.    	  102025.    	  101817.    
  87.5000    	  103699.    	  104234.    	  104372.    	  104189.    	  103841.    	  103306.    	  102592.    	  101955.    	  101686.    
  90.0000    	  103742.    	  104283.    	  104642.    	  104652.    	  104294.    	  103563.    	  102640.    	  101889.    	  101602.    
  92.5000    	  103898.    	  104372.    	  104839.    	  104966.    	  104563.    	  103683.    	  102629.    	  101834.    	  101572.    
  95.0000    	  104056.    	  104482.    	  104946.    	  105060.    	  104582.    	  103614.    	  102533.    	  101771.    	  101583.    
  97.5000    	  104109.    	  104558.    	  104946.    	  104923.    	  104345.    	  103379.    	  102375.    	  101724.    	  101624.    
 100.0000    	  104071.    	  104598.    	  104855.    	  104634.    	  103957.    	  103057.    	  102206.    	  101708.    	  101685.    
  102.500    	  104033.    	  104603.    	  104717.    	  104293.    	  103559.    	  102764.    	  102103.    	  101725.    	  101758.    
  105.000    	  104045.    	  104596.    	  104576.    	  104011.    	  103262.    	  102596.    	  102087.    	  101797.    	  101826.    
  107.500    	  104064.    	  104539.    	  104431.    	  103823.    	  103117.    	  102570.    	  102177.    	  101916.    	  101890.    
  110.000    	  103982.    	  104397.    	  104281.    	  103713.    	  103091.    	  102649.    	  102331.    	  102059.    	  101954.    
  112.500    	  103774.    	  104163.    	  104110.    	  103631.    	  103099.    	  102737.    	  102480.    	  102206.    	  102033.    
  115.000    	  103522.    	  103909.    	  103910.    	  103518.    	  103051.    	  102758.    	  102572.    	  102330.    	  102128.    
  117.500    	  103322.    	  103681.    	  103694.    	  103328.    	  102882.    	  102646.    	  102570.    	  102433.    	  102253.    
  120.000    	  103180.    	  103479.    	  103451.    	  103050.    	  102587.    	  102414.    	  102480.    	  102499.    	  102397.    
 31 Jan 2019	  40.0000    	  42.5000    	  45.0000    	  47.5000    	  50.0000    	  52.5000    	  55.0000    	  57.5000    	  60.0000    
  70.0000    	  102176.    	  102196.    	  102164.    	  102086.    	  102142.    	  102488.    	  102991.    	  103416.    	  103650.    
  72.5000    	  102172.    	  102147.    	  102032.    	  101897.    	  101971.    	  102387.    	  102963.    	  103406.    	  103610.    
  75.0000    	  102297.    	  102219.    	  101992.    	  101751.    	  101806.    	  102278.    	  102912.    	  103353.    	  103520.    
  77.5000    	  102485.    	  102387.    	  102053.    	  101687.    	  101685.    	  102173.    	  102834.    	  103259.    	  103375.    
  80.0000    	  102632.    	  102591.    	  102220.    	  101760.    	  101659.    	  102090.    	  102714.    	  103108.    	  103188.    
  82.5000    	  102683.    	  102774.    	  102473.    	  101971.    	  101760.    	  102049.    	  102564.    	  102902.    	  102977.    
  85.0000    	  102681.    	  102924.    	  102766.    	  102296.    	  101963.    	  102049.    	  102389.    	  102655.    	  102756.    
  87.5000    	  102718.    	  103064.    	  103058.    	  102661.    	  102230.    	  102080.    	  102203.    	  102389.    	  102559.    
  90.0000    	  102848.    	  103191.    	  103281.    	  102969.    	  102459.    	  102096.    	  102015.    	  102141.    	  102398.    
  92.5000    	  103030.    	  103276.    	  103385.    	  103122.    	  102576.    	  102055.    	  101825.    	  101936.    	  102283.    
  95.0000    	  103188.    	  103299.    	  103352.    	  103094.    	  102534.    	  101947.    	  101654.    	  101776.    	  102222.    
  97.5000    	  103271.    	  103273.    	  103212.    	  102911.    	  102347.    	  101770.    	  101489.    	  101663.    	  102192.    
 100.0000    	  103316.    	  103245.    	  103046.    	  102640.    	  102082.    	  101561.    	  101347.    	  101592.    	  102179.    
  102.500    	  103395.    	  103269.    	  102908.    	  102373.    	  101798.    	  101361.    	  101244.    	  101544.    	  102158.    
  105.000    	  103518.    	  103336.    	  102817.    	  102154.    	  101574.    	  101226.    	  101190.    	  101517.    	  102120.    
  107.500    	  103620.    	  103371.    	  102739.    	  102005.    	  101439.    	  101173.    	  101201.    	  101522.    	  102086.    
  110.000    	  103598.    	  103302.    	  102644.    	  101912.    	  101413.    	  101225.    	  101286.    	  101566.    	  102051.    
  112.500    	  103431.    	  103113.    	  102505.    	  101861.    	  101460.    	  101348.    	  101424.    	  101648.    	  102042.    
  115.000    	  103186.    	  102873.    	  102360.    	  101844.    	  101552.    	  101511.    	  101611.    	  101776.    	  102070.    
  117.500    	  102948.    	  102659.    	  102240.    	  101842.    	  101640.    	  101660.    	  101784.    	  101922.    	  102125.    
  120.000    	  102765.    	  102508.    	  102175.    	  101855.    	  101700.    	  101764.    	  101929.    	  102063.    	  102199.    
